Name	File	channel
brass	brass_Conv1	a
grissom	grissom_Conv1	a
brass	brass_Conv2	a
grissom	grissom_Conv5	a
nick	nick_Conv5	a
warrick	warrick_Conv5	a
catherine	catherine_Conv8	a
grissom	grissom_Conv8	a
nick	nick_Conv11	a
warrick	warrick_Conv11	a
detevans	detevans_Conv12	a
sara	sara_Conv12	a
detevans	detevans_Conv13	a
sara	sara_Conv13	a
catherine	catherine_Conv14	a
grissom	grissom_Conv14	a
paigeharmon	paigeharmon_Conv14	a
royceharmon	royceharmon_Conv14	a
nick	nick_Conv15	a
warrick	warrick_Conv15	a
gregsanders	gregsanders_Conv16	a
sara	sara_Conv16	a
nick	nick_Conv17	a
warrick	warrick_Conv17	a
catherine	catherine_Conv18	a
discoplacid	discoplacid_Conv18	a
grissom	grissom_Conv18	a
royceharmon	royceharmon_Conv18	a
mandy	mandy_Conv19	a
nick	nick_Conv19	a
warrick	warrick_Conv19	a
catherine	catherine_Conv20	a
grissom	grissom_Conv20	a
sara	sara_Conv20	a
catherine	catherine_Conv21	a
grissom	grissom_Conv21	a
mandy	mandy_Conv21	a
nick	nick_Conv22	a
warrick	warrick_Conv22	a
walterbanglor	walterbanglor_Conv23	a
nick	nick_Conv24	a
warrick	warrick_Conv24	a
grissom	grissom_Conv25	a
paulmillander	paulmillander_Conv25	a
nick	nick_Conv26	a
warrick	warrick_Conv26	a
brass	brass_Conv27	a
nick	nick_Conv27	a
warrick	warrick_Conv27	a
brass	brass_Conv28	a
grissom	grissom_Conv28	a
nick	nick_Conv29	a
warrick	warrick_Conv29	a
gregsanders	gregsanders_Conv30	a
nick	nick_Conv30	a
warrick	warrick_Conv30	a
nick	nick_Conv31	a
warrick	warrick_Conv31	a
catherine	catherine_Conv32	a
grissom	grissom_Conv32	a
sara	sara_Conv32	a
brass	brass_Conv33	a
bum	bum_Conv33	a
grissom	grissom_Conv33	a
nick	nick_Conv34	a
walterbanglor	walterbanglor_Conv34	a
warrick	warrick_Conv34	a
walterbanglor	walterbanglor_Conv35	a
warrick	warrick_Conv35	a
nick	nick_Conv36	a
walterbanglor	walterbanglor_Conv36	a
warrick	warrick_Conv36	a
brass	brass_Conv37	a
bum	bum_Conv37	a
grissom	grissom_Conv37	a
grissom	grissom_Conv38	a
paulmillander	paulmillander_Conv38	a
catherine	catherine_Conv39	a
grissom	grissom_Conv39	a
sara	sara_Conv39	a
catherine	catherine_Conv40	a
grissom	grissom_Conv40	a
sara	sara_Conv40	a
catherine	catherine_Conv41	a
grissom	grissom_Conv41	a
paulmillander	paulmillander_Conv42	a
